<?xml version="1.0" encoding="UTF-8"?>
<model package="moregallery" baseClass="xPDOSimpleObject" platform="mysql" defaultEngine="MyISAM" version="1.1">
    <object class="mgResource" extends="modResource">
        <composite alias="Images" class="mgImage" local="id" foreign="resource" cardinality="many" owner="local" />

        <!--
            properties keys:
            - mediasource
        -->
    </object>

    <object class="mgImage" table="moregallery_image" extends="xPDOSimpleObject">
        <field key="resource" dbtype="int" precision="11" phptype="int" null="false" />

        <field key="filename" dbtype="varchar" precision="250" phptype="string" null="false" default="" />
        <field key="file" dbtype="varchar" precision="250" phptype="string" null="false" default="" />
        <field key="mgr_thumb" dbtype="varchar" precision="250" phptype="string" null="false" default="" />
        <field key="exif" dbtype="text" phptype="array" null="true" />

        <field key="name" dbtype="varchar" precision="250" phptype="string" null="true" />
        <field key="description" dbtype="text" phptype="string" null="true" />
        <field key="url" dbtype="varchar" precision="250" phptype="string" null="true" />
        <field key="sortorder" dbtype="int" precision="10" phptype="int" null="false" default="0" />

        <field key="uploadedon" dbtype="int" precision="20" phptype="int" null="false" default="0" />
        <field key="uploadedby" dbtype="int" precision="10" phptype="int" null="false" default="0" />
        <field key="editedon" dbtype="int" precision="20" phptype="int" null="false" default="0" />
        <field key="editedby" dbtype="int" precision="10" phptype="int" null="false" default="0" />

        <index alias="resource" name="resource" primary="false" unique="false" type="BTREE">
            <column key="resource" length="" collation="A" null="false" />
        </index>
        <index alias="sortorder" name="sortorder" primary="false" unique="false" type="BTREE">
            <column key="sortorder" length="" collation="A" null="false" />
        </index>
        <index alias="name" name="name" primary="false" unique="false" type="BTREE">
            <column key="name" length="" collation="A" null="false" />
        </index>

        <aggregate alias="Resource" class="mgResource" local="resource" foreign="id" cardinality="one" owner="foreign" />
        <composite alias="Tags" class="mgImageTag" local="id" foreign="image" cardinality="many" owner="local" />
    </object>

    <object class="mgTag" table="moregallery_tag" extends="xPDOSimpleObject">
        <field key="display" dbtype="varchar" precision="250" phptype="string" null="false" default="" />
        <field key="createdon" dbtype="int" precision="20" phptype="int" null="false" default="0" />
        <field key="createdby" dbtype="int" precision="10" phptype="int" null="false" default="0" />

        <index alias="display" name="display" primary="false" unique="false" type="BTREE">
            <column key="display" length="" collation="A" null="false" />
        </index>

        <composite alias="Images" class="mgImageTag" local="id" foreign="tag" cardinality="many" owner="local" />
    </object>

    <object class="mgImageTag" table="moregallery_image_tag" extends="xPDOSimpleObject">
        <field key="resource" dbtype="int" precision="11" phptype="int" null="false" />
        <field key="image" dbtype="int" precision="11" phptype="int" null="false" />
        <field key="tag" dbtype="int" precision="11" phptype="int" null="false" />

        <index alias="resource" name="resource" primary="false" unique="false" type="BTREE">
            <column key="resource" length="" collation="A" null="false" />
        </index>
        <index alias="image" name="image" primary="false" unique="false" type="BTREE">
            <column key="image" length="" collation="A" null="false" />
        </index>
        <index alias="tag" name="tag" primary="false" unique="false" type="BTREE">
            <column key="tag" length="" collation="A" null="false" />
        </index>

        <aggregate alias="Resource" class="mgResource" local="resource" foreign="id" cardinality="one" owner="foreign" />
        <aggregate alias="Image" class="mgImage" local="image" foreign="id" cardinality="one" owner="foreign" />
        <aggregate alias="Tag" class="mgTag" local="tag" foreign="id" cardinality="one" owner="foreign" />
    </object>
</model>

