<?xml version="1.0" encoding="UTF-8"?>
<model package="contentblocks" baseClass="xPDOSimpleObject" platform="mysql" defaultEngine="MyISAM" version="1.1">
    <object class="cbLayout" table="contentblocks_layout">
        <field key="name" dbtype="varchar" precision="255" phptype="string" null="false" />
        <field key="description" dbtype="varchar" precision="1024" phptype="string" null="true" />
        <field key="sortorder" dbtype="int" precision="5" phptype="integer" null="false" default="0" />

        <field key="icon" dbtype="varchar" precision="255" phptype="string" null="false" default="" />
        <field key="icon_type" dbtype="varchar" precision="255" phptype="string" null="false" default="core" />

        <field key="columns" dbtype="text" phptype="string" null="false" />
        <field key="template" dbtype="text" phptype="string" null="false" />
        <field key="availability" dbtype="text" phptype="string" null="true" />
        <field key="times_per_page" dbtype="int" precision="5" phptype="integer" null="true" />
        <field key="layout_only_nested" dbtype="bool" phptype="bool" null="true" default="false" />
        <field key="settings" dbtype="text" phptype="string" null="true" />
    </object>
    <object class="cbField" table="contentblocks_field">
        <field key="input" dbtype="varchar" precision="255" phptype="string" null="false" default="textfield" />
        <field key="name" dbtype="varchar" precision="255" phptype="string" null="false" />
        <field key="description" dbtype="varchar" precision="1024" phptype="string" null="true" />
        <field key="sortorder" dbtype="int" precision="5" phptype="integer" null="false" default="0" />

        <field key="icon" dbtype="varchar" precision="255" phptype="string" null="false" />
        <field key="icon_type" dbtype="varchar" precision="255" phptype="string" null="false" default="core" />

        <field key="template" dbtype="text" phptype="string" null="false" />
        <field key="properties" dbtype="text" phptype="string" null="true" />
        <field key="availability" dbtype="text" phptype="string" null="true" />
        <field key="layouts" dbtype="varchar" precision="255" phptype="string" null="true" />
        <field key="times_per_layout" dbtype="int" precision="5" phptype="integer" null="true" default="0" />
        <field key="times_per_page" dbtype="int" precision="5" phptype="integer" null="true" default="0" />
        <field key="settings" dbtype="text" phptype="string" null="true" />
    </object>
    <object class="cbTemplate" table="contentblocks_template">
        <field key="name" dbtype="varchar" precision="255" phptype="string" null="false" />
        <field key="description" dbtype="varchar" precision="1024" phptype="string" null="true" />
        <field key="sortorder" dbtype="int" precision="5" phptype="integer" null="false" default="0" />

        <field key="icon" dbtype="varchar" precision="255" phptype="string" null="false" />
        <field key="icon_type" dbtype="varchar" precision="255" phptype="string" null="false" />

        <field key="content" dbtype="text" phptype="string" null="false" />
        <field key="availability" dbtype="text" phptype="string" null="true" />
    </object>
    <object class="cbDefault" table="contentblocks_default">
        <field key="constraint_field" dbtype="varchar" precision="255" phptype="string" null="false" />
        <field key="constraint_value" dbtype="varchar" precision="255" phptype="string" null="false" />
        <field key="default_template" dbtype="varchar" precision="255" phptype="string" null="false" />
        <field key="target_layout" dbtype="int" precision="15" phptype="integer" null="false" />
        <field key="target_field" dbtype="int" precision="15" phptype="integer" null="true" />
        <field key="target_column" dbtype="varchar" precision="100" phptype="string" null="true" />
        <field key="sortorder" dbtype="int" precision="5" phptype="integer" null="false" default="0" />
    </object>
</model>

